{
  "benchmark_config": "english",
  "n_samples_real": 870,
  "f1_macro_synthetic_reported_ev2": 0.9366,
  "f1_macro_on_real_data": 0.3442,
  "f1_macro_baseline_dummy": 0.1667,
  "gap_synthetic_vs_real": 0.5924,
  "classification_report": {
    "Negative": {
      "precision": 0.35092348284960423,
      "recall": 0.4586206896551724,
      "f1-score": 0.3976083707025411,
      "support": 290.0
    },
    "Neutral": {
      "precision": 0.3090909090909091,
      "recall": 0.11724137931034483,
      "f1-score": 0.17,
      "support": 290.0
    },
    "Positive": {
      "precision": 0.4094488188976378,
      "recall": 0.5379310344827586,
      "f1-score": 0.46497764530551416,
      "support": 290.0
    },
    "accuracy": 0.37126436781609196,
    "macro avg": {
      "precision": 0.35648773694605035,
      "recall": 0.3712643678160919,
      "f1-score": 0.34419533866935176,
      "support": 870.0
    },
    "weighted avg": {
      "precision": 0.35648773694605035,
      "recall": 0.37126436781609196,
      "f1-score": 0.34419533866935176,
      "support": 870.0
    }
  },
  "confusion_matrix": [
    [
      133,
      54,
      103
    ],
    [
      134,
      34,
      122
    ],
    [
      112,
      22,
      156
    ]
  ],
  "confusion_matrix_labels": [
    "Negative",
    "Neutral",
    "Positive"
  ]
}